,Date,close,pct_chng,vol
0,2017-10-01,0.024969,0.038567824101886305,50068700.0
1,2017-10-02,0.025932,0.038567824101886305,57641300.0
2,2017-10-03,0.020816,-0.19728520746567946,16997800.0
3,2017-10-04,0.021931,0.05356456571867785,9000050.0
4,2017-10-05,0.021489,-0.020154119739181908,5562510.0
5,2017-10-06,0.018539,-0.13727953836846762,7780710.0
6,2017-10-07,0.020941,0.12956470144020726,7411240.0
7,2017-10-08,0.020477,-0.02215749009120871,7727460.0
8,2017-10-09,0.022114,0.07994335107681794,4663310.0
9,2017-10-10,0.021531,-0.026363389707877327,2725600.0
10,2017-10-11,0.02252,0.04593376991314835,3606720.0
11,2017-10-12,0.026252,0.16571936056838377,8680640.0
12,2017-10-13,0.033641,0.2814642693889988,15613600.0
13,2017-10-14,0.032465,-0.03495734371748749,27853200.0
14,2017-10-15,0.030049,-0.07441860465116279,7104990.0
15,2017-10-16,0.028948,-0.03664015441445634,6196030.0
16,2017-10-17,0.027217,-0.059796877159043804,7039900.0
17,2017-10-18,0.026691,-0.019326156446338727,2336180.0
18,2017-10-19,0.027032,0.012775842044134844,2897720.0
19,2017-10-20,0.03063,0.1331015093222847,8716410.0
20,2017-10-21,0.028436,-0.07162912177603664,5344520.0
21,2017-10-22,0.027729,-0.024862849908566576,2930210.0
22,2017-10-23,0.025454,-0.08204406938584152,3517050.0
23,2017-10-24,0.027193,0.06831932112830974,7589560.0
24,2017-10-25,0.027527,0.012282572720920815,2561430.0
25,2017-10-26,0.027132,-0.014349547716787092,2437710.0
26,2017-10-27,0.026382,-0.027642636001769194,2511440.0
27,2017-10-28,0.025866,-0.019558790084148292,1739460.0
28,2017-10-29,0.028607,0.10596922601097969,4746180.0
29,2017-10-30,0.028583,-0.0008389555004020277,3781270.0
30,2017-10-31,0.030437,0.06486373018927338,7304450.0
31,2017-11-01,0.022986,-0.24480073594638108,9382780.0
32,2017-11-02,0.021306,-0.07308796658835814,6165050.0
33,2017-11-03,0.022628,0.06204824931944053,2836080.0
34,2017-11-04,0.022022,-0.026780979317659437,2626920.0
35,2017-11-05,0.020635,-0.06298247207338115,2396230.0
36,2017-11-06,0.021881,0.060382844681366565,4591160.0
37,2017-11-07,0.022195,0.014350349618390323,2539540.0
38,2017-11-08,0.025186,0.13476008109934678,6367000.0
39,2017-11-09,0.032053,0.272651473040578,18716200.0
40,2017-11-10,0.027119,-0.15393254921536204,6766780.0
41,2017-11-11,0.027437,0.011726096094988758,5532220.0
42,2017-11-12,0.023977,-0.1261070816780261,7280250.0
43,2017-11-13,0.025808,0.07636484964757906,4419440.0
44,2017-11-14,0.02623,0.016351518908865437,3033290.0
45,2017-11-15,0.026445,0.008196721311475308,6858800.0
46,2017-11-16,0.02758,0.042919266401966416,4888130.0
47,2017-11-17,0.025773,-0.06551849166062362,3578870.0
48,2017-11-18,0.026369,0.023124975749815757,2930550.0
49,2017-11-19,0.028084,0.06503849216883473,4725050.0
50,2017-11-20,0.029581,0.05330437259649612,16172400.0
51,2017-11-21,0.02833,-0.042290659544978126,5836790.0
52,2017-11-22,0.028549,0.007730321214260538,4938480.0
53,2017-11-23,0.027444,-0.03870538372622512,5132300.0
54,2017-11-24,0.028382,0.03417869115289318,5502350.0
55,2017-11-25,0.030447,0.07275738143894017,6156460.0
56,2017-11-26,0.036332,0.19328669491247097,30527100.0
57,2017-11-27,0.050593,0.3925189915226246,77777296.0
58,2017-11-28,0.119744,1.3668096376969148,240338000.0
59,2017-11-29,0.089718,-0.25075160342063063,210624992.0
60,2017-11-30,0.119883,0.33622015649033643,124345000.0
61,2017-12-01,0.131352,0.09566827656965526,73657600.0
62,2017-12-02,0.132351,0.007605517997441913,56712600.0
63,2017-12-03,0.131807,-0.004110282506365581,46458900.0
64,2017-12-04,0.13587,0.03082537346271419,76392704.0
65,2017-12-05,0.127488,-0.06169132258776777,50381100.0
66,2017-12-06,0.117839,-0.07568555471887539,75688800.0
67,2017-12-07,0.105501,-0.10470217839594698,71024600.0
68,2017-12-08,0.115465,0.09444460242083008,70092400.0
69,2017-12-09,0.119609,0.03588966353440437,63308600.0
70,2017-12-10,0.110281,-0.07798744241654043,46376600.0
71,2017-12-11,0.121383,0.10067010636465024,39513900.0
72,2017-12-12,0.133891,0.10304573128032768,60056800.0
73,2017-12-13,0.134281,0.002912817142302293,61575000.0
74,2017-12-14,0.240753,0.7929044317513272,309307008.0
75,2017-12-15,0.213467,-0.11333607473219443,207311008.0
76,2017-12-16,0.404665,0.8956794258597349,581052032.0
77,2017-12-17,0.513011,0.2677424536344877,628142976.0
78,2017-12-18,0.518198,0.010110894308309248,253463008.0
79,2017-12-19,0.531273,0.025231668204045432,279631008.0
80,2017-12-20,0.486151,-0.0849318523621565,182924000.0
81,2017-12-21,0.477851,-0.01707288476214175,162926000.0
82,2017-12-22,0.40715,-0.14795616206725526,150972992.0
83,2017-12-23,0.414027,0.016890580867002347,88865000.0
84,2017-12-24,0.390029,-0.05796240341813452,67372304.0
85,2017-12-25,0.416363,0.06751805634965602,122194000.0
86,2017-12-26,0.428465,0.029065983288620645,94896000.0
87,2017-12-27,0.414176,-0.03334928173829832,82067504.0
88,2017-12-28,0.407701,-0.01563345051379128,82263800.0
89,2017-12-29,0.529299,0.29825288630638624,266403008.0
90,2017-12-30,0.639243,0.20771624355987828,645155968.0
91,2017-12-31,0.719695,0.12585511300084629,305947008.0
92,2018-01-01,0.728657,0.012452497238413462,150186000.0
93,2018-01-02,0.782587,0.07401287574263349,289712000.0
94,2018-01-03,1.07966,0.3796038012387122,657398016.0
95,2018-01-04,1.11412,0.03191745549524838,593430016.0
96,2018-01-05,0.999559,-0.1028264459842746,508100000.0
97,2018-01-06,1.02715,0.027603172999292713,297615008.0
98,2018-01-07,1.00852,-0.018137565107335774,226067008.0
99,2018-01-08,0.899002,-0.10859278943402229,264460992.0
100,2018-01-09,0.814743,-0.09372504176853891,209492000.0
101,2018-01-10,0.793121,-0.02653842990979982,236472000.0
102,2018-01-11,0.688412,-0.1320214696118246,229000992.0
103,2018-01-12,0.897508,0.30373671580390793,365795008.0
104,2018-01-13,0.884124,-0.014912401895024852,313215008.0
105,2018-01-14,0.802262,-0.09259108450850784,160712000.0
106,2018-01-15,0.778587,-0.0295103095996071,972993024.0
107,2018-01-16,0.626493,-0.1953461848194229,1632649984.0
108,2018-01-17,0.629102,0.004164451957164861,1713769984.0
109,2018-01-18,0.659843,0.04886488995425209,1285490048.0
110,2018-01-19,0.650498,-0.014162459857875231,584574016.0
111,2018-01-20,0.70751,0.08764362073365328,738798976.0
112,2018-01-21,0.613163,-0.13335076536020685,847731008.0
113,2018-01-22,0.570458,-0.06964705959100592,522984000.0
114,2018-01-23,0.56307,-0.012950997268861286,375958016.0
115,2018-01-24,0.622208,0.10502779405757723,689838016.0
116,2018-01-25,0.637495,0.02456895443324436,654814016.0
117,2018-01-26,0.623382,-0.0221382128487283,810062016.0
118,2018-01-27,0.616833,-0.01050559688922692,331308992.0
119,2018-01-28,0.670286,0.0866571665264344,325145984.0
120,2018-01-29,0.623204,-0.07024165803850901,238318000.0
121,2018-01-30,0.531913,-0.14648654373206849,359622016.0
122,2018-01-31,0.519315,-0.023684324316194605,505904000.0
123,2018-02-01,0.421672,-0.18802268372760267,595624000.0
124,2018-02-02,0.390534,-0.07384412529169593,1438809984.0
125,2018-02-03,0.438836,0.12368193294309848,1404499968.0
126,2018-02-04,0.379303,-0.13566115815475488,814753984.0
127,2018-02-05,0.327371,-0.13691428752211288,658547968.0
128,2018-02-06,0.369753,0.1294616810896505,1338390016.0
129,2018-02-07,0.340447,-0.07925831568641772,679744000.0
130,2018-02-08,0.356584,0.047399448372287045,346383008.0
131,2018-02-09,0.391602,0.09820406972831086,401271008.0
132,2018-02-10,0.405872,0.03644005903953507,951824000.0
133,2018-02-11,0.369769,-0.08895168920250718,331944000.0
134,2018-02-12,0.384315,0.03933807322950278,243039008.0
135,2018-02-13,0.373314,-0.02862495609070692,225695008.0
136,2018-02-14,0.396908,0.06320148721987384,299008992.0
137,2018-02-15,0.409368,0.03139266530279072,348342016.0
138,2018-02-16,0.40381,-0.013577026049911067,192420000.0
139,2018-02-17,0.419883,0.03980337287338109,341415008.0
140,2018-02-18,0.385618,-0.08160606645184487,251314000.0
141,2018-02-19,0.391472,0.015180826621163934,169966000.0
142,2018-02-20,0.378779,-0.03242377488045123,281249984.0
143,2018-02-21,0.364441,-0.03785320727917851,242378000.0
144,2018-02-22,0.337871,-0.07290617685715939,208342000.0
145,2018-02-23,0.345258,0.02186337389121884,222508992.0
146,2018-02-24,0.322966,-0.06456620845860206,133524000.0
147,2018-02-25,0.344033,0.06522977650898243,247808000.0
148,2018-02-26,0.338335,-0.01656236465687877,201812992.0
149,2018-02-27,0.335536,-0.008272865650908123,106757000.0
150,2018-02-28,0.312581,-0.0684129273759001,114757000.0
151,2018-03-01,0.304397,-0.02618201362206929,184691008.0
152,2018-03-02,0.293504,-0.035785503799314666,107240000.0
153,2018-03-03,0.297106,0.012272405146096732,115320000.0
154,2018-03-04,0.300787,0.012389517545926543,94436000.0
155,2018-03-05,0.297622,-0.010522396247178323,202675008.0
156,2018-03-06,0.285357,-0.041209991196887175,110305000.0
157,2018-03-07,0.247281,-0.13343285778866476,190792992.0
158,2018-03-08,0.221743,-0.10327522130693423,167808992.0
159,2018-03-09,0.222207,0.002092512503213184,246848992.0
160,2018-03-10,0.209873,-0.05550680221595172,129138000.0
161,2018-03-11,0.223498,0.0649202136530187,161362000.0
162,2018-03-12,0.223722,0.0010022461051104603,184250000.0
163,2018-03-13,0.223026,-0.0031110038351167546,98868704.0
164,2018-03-14,0.199562,-0.10520746460053987,144156000.0
165,2018-03-15,0.185709,-0.0694170232809852,204232992.0
166,2018-03-16,0.178878,-0.036783354603169505,97455296.0
167,2018-03-17,0.154763,-0.13481255380762303,81096600.0
168,2018-03-18,0.156155,0.008994397885799366,189688992.0
169,2018-03-19,0.197648,0.26571675578751885,321964000.0
170,2018-03-20,0.204947,0.03692928843195986,249683008.0
171,2018-03-21,0.213189,0.04021527516870216,257686000.0
172,2018-03-22,0.203481,-0.045537058666253905,201540000.0
173,2018-03-23,0.189259,-0.06989350357035784,148850000.0
174,2018-03-24,0.189201,-0.00030645834544196227,132660000.0
175,2018-03-25,0.184605,-0.02429162636561122,59349400.0
176,2018-03-26,0.167806,-0.09099970206657448,117497000.0
177,2018-03-27,0.154926,-0.07675530076397741,107510000.0
178,2018-03-28,0.160058,0.03312549217045557,60260800.0
179,2018-03-29,0.146882,-0.08232015894238331,103465000.0
180,2018-03-30,0.147209,0.0022262768753147366,119874000.0
181,2018-03-31,0.155919,0.05916757806927553,113124000.0
182,2018-04-01,0.150768,-0.03303638427645117,100833000.0
183,2018-04-02,0.156385,0.03725591637482739,102697000.0
184,2018-04-03,0.172447,0.10270806023595602,155987008.0
185,2018-04-04,0.155356,-0.09910871166213386,154800992.0
186,2018-04-05,0.148758,-0.0424701974819125,113407000.0
187,2018-04-06,0.144451,-0.028953064709124954,51827500.0
188,2018-04-07,0.148794,0.03006555856311155,48205400.0
189,2018-04-08,0.156599,0.052455072113122725,51093100.0
190,2018-04-09,0.153106,-0.022305378706122037,93021904.0
191,2018-04-10,0.156347,0.021168340888012338,55981300.0
192,2018-04-11,0.166029,0.061926356118121806,91793296.0
193,2018-04-12,0.212233,0.27828873269127685,488007008.0
194,2018-04-13,0.200532,-0.05513280215612093,230412992.0
195,2018-04-14,0.200853,0.0016007420262103,113212000.0
196,2018-04-15,0.22139,0.10224890840564993,169798000.0
197,2018-04-16,0.256646,0.15924838520258366,678780992.0
198,2018-04-17,0.243724,-0.050349508661736375,520975008.0
199,2018-04-18,0.260341,0.06817958018086023,181118000.0
200,2018-04-19,0.272358,0.046158691869509605,240910000.0
201,2018-04-20,0.301247,0.10606995204840697,349348992.0
202,2018-04-21,0.29058,-0.03540948125624477,294632992.0
203,2018-04-22,0.285535,-0.017361828068002017,160968000.0
204,2018-04-23,0.288473,0.010289456634037908,127213000.0
205,2018-04-24,0.312875,0.08459023894783924,369016992.0
206,2018-04-25,0.271654,-0.13174910107870552,351596000.0
207,2018-04-26,0.294295,0.08334499031856679,220715008.0
208,2018-04-27,0.288489,-0.019728503712261425,197183008.0
209,2018-04-28,0.357874,0.24051176994616785,636742016.0
210,2018-04-29,0.365057,0.020071310014138977,671886976.0
211,2018-04-30,0.343318,-0.05954960458229808,298712000.0
212,2018-05-01,0.358693,0.044783553440250756,365521984.0
213,2018-05-02,0.37242,0.038269495083539384,272855008.0
214,2018-05-03,0.369709,-0.007279415713441706,300814016.0
215,2018-05-04,0.360182,-0.02576891555250216,171266000.0
216,2018-05-05,0.366338,0.017091359368319292,139447008.0
217,2018-05-06,0.350021,-0.044540833874727626,148186000.0
218,2018-05-07,0.335176,-0.042411741009825255,171384992.0
219,2018-05-08,0.328352,-0.02035945294412489,142455008.0
220,2018-05-09,0.323593,-0.014493592242471376,178122000.0
221,2018-05-10,0.297089,-0.08190535641994734,122958000.0
222,2018-05-11,0.260127,-0.1244138961725274,348752000.0
223,2018-05-12,0.270932,0.041537402883975894,255480992.0
224,2018-05-13,0.28589,0.05520942524323447,179522000.0
225,2018-05-14,0.273434,-0.043569204938962436,161643008.0
226,2018-05-15,0.260155,-0.048563821616916636,97408800.0
227,2018-05-16,0.256375,-0.01452979954258038,108749000.0
228,2018-05-17,0.243664,-0.04957971721111665,83683800.0
229,2018-05-18,0.245544,0.007715542714557877,79212200.0
230,2018-05-19,0.243271,-0.009256996709347542,57778000.0
231,2018-05-20,0.256136,0.0528834098597859,101310000.0
232,2018-05-21,0.24884,-0.0284848674141861,85090304.0
233,2018-05-22,0.224408,-0.09818357177302683,78363296.0
234,2018-05-23,0.202873,-0.09596360201062348,124268000.0
235,2018-05-24,0.208989,0.030146939218131497,127678000.0
236,2018-05-25,0.200655,-0.039877696912277716,83368000.0
237,2018-05-26,0.196567,-0.020373277516134713,60616400.0
238,2018-05-27,0.193557,-0.015312844984152862,58991000.0
239,2018-05-28,0.174783,-0.09699468373657383,95106200.0
240,2018-05-29,0.20319,0.1625272480733253,185184000.0
241,2018-05-30,0.211143,0.03914070574339279,222612000.0
242,2018-05-31,0.225214,0.06664203880782216,202076000.0
243,2018-06-01,0.222507,-0.012019679060804367,130538000.0
244,2018-06-02,0.227742,0.023527349701357725,116435000.0
245,2018-06-03,0.228154,0.0018090646433244206,117208000.0
246,2018-06-04,0.214012,-0.06198444910016909,115605000.0
247,2018-06-05,0.220467,0.030161860082612124,119846000.0
248,2018-06-06,0.215721,-0.02152703125637856,84766304.0
249,2018-06-07,0.211119,-0.021333110823702817,76949400.0
250,2018-06-08,0.205358,-0.027287927661650446,68728600.0
251,2018-06-09,0.202091,-0.01590880316325649,51481400.0
252,2018-06-10,0.176868,-0.12481011029684641,137836000.0
253,2018-06-11,0.18128,0.024945156840129323,89350704.0
254,2018-06-12,0.166585,-0.08106244483671665,82885904.0
255,2018-06-13,0.160408,-0.03708016928294877,99731600.0
256,2018-06-14,0.172375,0.0746035110468306,199562000.0
257,2018-06-15,0.162747,-0.055854967367657715,73950496.0
258,2018-06-16,0.162962,0.001321068898351374,42213400.0
259,2018-06-17,0.16138,-0.009707784636909245,35748800.0
260,2018-06-18,0.164117,0.016959970256537504,55507800.0
261,2018-06-19,0.167185,0.018693980513901698,69854400.0
262,2018-06-20,0.161985,-0.031103268833926556,83625600.0
263,2018-06-21,0.158556,-0.02116862672469666,41237700.0
264,2018-06-22,0.139839,-0.11804662075228944,79062000.0
265,2018-06-23,0.137868,-0.014094780426061382,38721800.0
266,2018-06-24,0.132703,-0.0374633707604376,73037504.0
267,2018-06-25,0.135269,0.019336412891946875,57752100.0
268,2018-06-26,0.126099,-0.0677908463875686,32927500.0
269,2018-06-27,0.127444,0.01066622257115446,37072400.0
270,2018-06-28,0.11932,-0.06374564514610348,42250100.0
271,2018-06-29,0.12572,0.05363727790814621,65802200.0
272,2018-06-30,0.137671,0.09506045179764544,104599000.0
273,2018-07-01,0.142208,0.032955379128502216,108733000.0
274,2018-07-02,0.158278,0.11300348784878489,161860000.0
275,2018-07-03,0.150655,-0.048162094542513745,108280000.0
276,2018-07-04,0.15096,0.0020244930470278977,86594896.0
277,2018-07-05,0.148921,-0.013506889242183462,73881296.0
278,2018-07-06,0.146084,-0.019050368987584054,69138800.0
279,2018-07-07,0.150373,0.029359820377317325,47965500.0
280,2018-07-08,0.145389,-0.03314424797004789,48142400.0
281,2018-07-09,0.139971,-0.03726554278521743,42768500.0
282,2018-07-10,0.128792,-0.07986654378406965,62318800.0
283,2018-07-11,0.131483,0.02089415491645452,50179700.0
284,2018-07-12,0.127181,-0.03271905873763148,37623900.0
285,2018-07-13,0.137887,0.08417924060983961,92778496.0
286,2018-07-14,0.137092,-0.005765590664819853,55022100.0
287,2018-07-15,0.142262,0.037711901496805034,50143900.0
288,2018-07-16,0.156118,0.09739775906426185,90578096.0
289,2018-07-17,0.170865,0.09446060031514603,133441000.0
290,2018-07-18,0.179378,0.04982295964650474,323366016.0
291,2018-07-19,0.180869,0.008312056104984977,216980992.0
292,2018-07-20,0.162175,-0.10335657298929057,215667008.0
293,2018-07-21,0.163637,0.009014952982888902,125996000.0
294,2018-07-22,0.170277,0.04057761997592246,139332992.0
295,2018-07-23,0.164028,-0.03669902570517458,147071008.0
296,2018-07-24,0.173172,0.05574657985222031,191390000.0
297,2018-07-25,0.172731,-0.002546601067147103,123649000.0
298,2018-07-26,0.164765,-0.04611795219155801,84282200.0
299,2018-07-27,0.16554,0.00470366886171214,103693000.0
300,2018-07-28,0.16338,-0.013048205871692642,51592200.0
301,2018-07-29,0.163313,-0.000410086913942842,47319500.0
302,2018-07-30,0.154087,-0.05649274705626628,69612600.0
303,2018-07-31,0.143297,-0.07002537527500696,93183800.0
304,2018-08-01,0.140901,-0.016720517526535805,79987900.0
305,2018-08-02,0.131941,-0.06359074811392396,68531400.0
306,2018-08-03,0.130255,-0.012778438847666718,77768900.0
307,2018-08-04,0.127547,-0.020789988867989884,54577300.0
308,2018-08-05,0.131721,0.03272519149803621,43901500.0
309,2018-08-06,0.130553,-0.008867226941793649,57534800.0
310,2018-08-07,0.125378,-0.0396390737861253,57321700.0
311,2018-08-08,0.113752,-0.09272759176251,82209700.0
312,2018-08-09,0.123507,0.08575673394753491,93016600.0
313,2018-08-10,0.116355,-0.057907648959168334,71125700.0
314,2018-08-11,0.112439,-0.033655622878260516,65816400.0
315,2018-08-12,0.11297,0.004722560677345111,35031500.0
316,2018-08-13,0.10291,-0.08905019031601313,56974900.0
317,2018-08-14,0.094662,-0.08014770187542519,111693000.0
318,2018-08-15,0.09504,0.003993154592127901,91346700.0
319,2018-08-16,0.095331,0.0030618686868686407,50188900.0
320,2018-08-17,0.109887,0.15268905182993997,103569000.0
321,2018-08-18,0.099785,-0.09193080164168643,101454000.0
322,2018-08-19,0.102437,0.02657714085283369,51106900.0
323,2018-08-20,0.093764,-0.08466667317473175,53939600.0
324,2018-08-21,0.095003,0.013214026705345328,49545100.0
325,2018-08-22,0.090149,-0.05109312337505123,64566000.0
326,2018-08-23,0.092453,0.02555768782792911,37397400.0
327,2018-08-24,0.094077,0.017565682022216755,35302400.0
328,2018-08-25,0.094282,0.002179066084165182,30674700.0
329,2018-08-26,0.093338,-0.010012515644555742,26907400.0
330,2018-08-27,0.100264,0.07420343268550855,55515600.0
331,2018-08-28,0.10548,0.05202266017713231,79059500.0
332,2018-08-29,0.105469,-0.0001042851725446825,83582300.0
333,2018-08-30,0.10056,-0.04654448226493091,64807500.0
334,2018-08-31,0.102196,0.016268894192521755,42250400.0
335,2018-09-01,0.106827,0.04531488512270543,70208900.0
336,2018-09-02,0.104432,-0.02241942580059353,58391900.0
337,2018-09-03,0.103607,-0.00789987743220466,53687200.0
338,2018-09-04,0.105265,0.016002779734960004,54317400.0
339,2018-09-05,0.087569,-0.16810905809148347,98708900.0
340,2018-09-06,0.088666,0.012527264214505118,73239200.0
341,2018-09-07,0.083983,-0.05281618658786902,41868100.0
342,2018-09-08,0.078235,-0.06844242287129543,35208700.0
343,2018-09-09,0.076643,-0.02034894868025816,47870100.0
344,2018-09-10,0.073508,-0.04090393121354852,44682000.0
345,2018-09-11,0.070513,-0.040743864613375425,47614500.0
346,2018-09-12,0.066745,-0.05343695488775124,91272400.0
347,2018-09-13,0.069829,0.046205708292756054,86011700.0
348,2018-09-14,0.068248,-0.022641023070643973,62256800.0
349,2018-09-15,0.069322,0.015736724885710762,34842300.0
350,2018-09-16,0.069963,0.009246703788119204,32643600.0
351,2018-09-17,0.063899,-0.08667438503208835,48609600.0
352,2018-09-18,0.06943,0.08655847509350711,67159000.0
353,2018-09-19,0.07235,0.04205674780354296,96071300.0
354,2018-09-20,0.081493,0.12637180373185908,103788000.0
355,2018-09-21,0.087606,0.07501257776741577,212274000.0
356,2018-09-22,0.083193,-0.050373262105335215,82526800.0
357,2018-09-23,0.089754,0.07886480833723986,149996000.0
358,2018-09-24,0.082754,-0.07799095304944637,89522100.0
359,2018-09-25,0.081028,-0.020856997849046488,87535200.0
360,2018-09-26,0.079476,-0.01915387273535074,64321400.0
361,2018-09-27,0.086001,0.08210025668126208,101911000.0
362,2018-09-28,0.084032,-0.022895082615318363,89113600.0
363,2018-09-29,0.084606,0.006830731150038183,55854000.0
364,2018-09-30,0.085195,0.006961681204642689,49853100.0
365,2018-10-01,0.084469,-0.00852162685603619,42076400.0
366,2018-10-02,0.082525,-0.023014360297860748,34775200.0
367,2018-10-03,0.080789,-0.021036049681914637,38063700.0
368,2018-10-04,0.081304,0.006374630209558196,31665100.0
369,2018-10-05,0.082991,0.02074928662796416,31160900.0
370,2018-10-06,0.081303,-0.020339554891494194,26277600.0
371,2018-10-07,0.084658,0.041265389961010035,34848400.0
372,2018-10-08,0.086607,0.023022041626308276,62079800.0
373,2018-10-09,0.086357,-0.0028866026995508776,38710200.0
374,2018-10-10,0.084679,-0.01943096680060674,35888200.0
375,2018-10-11,0.070939,-0.162259828292729,72659700.0
376,2018-10-12,0.073214,0.032069806453431715,40979000.0
377,2018-10-13,0.073103,-0.0015161034774769933,23571900.0
378,2018-10-14,0.071293,-0.024759585789912997,26250600.0
379,2018-10-15,0.074789,0.049037072363345535,71953000.0
380,2018-10-16,0.075814,0.013705224030271967,26555800.0
381,2018-10-17,0.077408,0.02102514047537385,36907800.0
382,2018-10-18,0.075131,-0.029415564282761486,28634400.0
383,2018-10-19,0.075836,0.009383609961267636,18153800.0
384,2018-10-20,0.076342,0.006672292842449412,20363900.0
385,2018-10-21,0.075873,-0.006143407298734638,17620200.0
386,2018-10-22,0.075776,-0.001278452150303755,16871700.0
387,2018-10-23,0.074743,-0.013632284628378288,20710600.0
388,2018-10-24,0.074321,-0.005646013673521355,14151400.0
389,2018-10-25,0.073859,-0.006216278037163181,12567300.0
390,2018-10-26,0.073713,-0.0019767394630307855,13464800.0
391,2018-10-27,0.072886,-0.011219187931572394,10316000.0
392,2018-10-28,0.073166,0.0038416156737917095,11226100.0
393,2018-10-29,0.069627,-0.04836946122515928,21315700.0
394,2018-10-30,0.069647,0.00028724489063169933,11418800.0
395,2018-10-31,0.069705,0.0008327709736242195,16366000.0
396,2018-11-01,0.070867,0.0166702532099563,11256600.0
397,2018-11-02,0.072584,0.024228484343911783,18823400.0
398,2018-11-03,0.071479,-0.01522374076931543,14948900.0
399,2018-11-04,0.076229,0.06645308412260942,52924200.0
400,2018-11-05,0.076148,-0.0010625877290796337,34358100.0
401,2018-11-06,0.080952,0.0630876713767925,49473200.0
402,2018-11-07,0.078544,-0.029746022334222633,36852900.0
403,2018-11-08,0.076493,-0.026112752088001567,32149600.0
404,2018-11-09,0.074226,-0.02963669878289521,23756800.0
405,2018-11-10,0.075221,0.013405006332013025,15012100.0
406,2018-11-11,0.076481,0.01675064144321392,23663500.0
407,2018-11-12,0.076001,-0.006276068566049009,20975100.0
408,2018-11-13,0.073603,-0.03155221641820494,20329300.0
409,2018-11-14,0.064824,-0.1192750295504259,54964400.0
410,2018-11-15,0.063543,-0.0197611995557202,60267800.0
411,2018-11-16,0.061151,-0.03764380026124048,27544700.0
412,2018-11-17,0.060675,-0.007784010073424774,17926300.0
413,2018-11-18,0.061916,0.020453234445817925,16669400.0
414,2018-11-19,0.052582,-0.15075263259900518,53737000.0
415,2018-11-20,0.044777,-0.14843482560572063,65556800.0
416,2018-11-21,0.04778,0.06706568104160637,33938000.0
417,2018-11-22,0.044255,-0.07377563834240264,18689900.0
418,2018-11-23,0.043412,-0.0190486950627049,24258500.0
419,2018-11-24,0.038458,-0.11411591265087995,25740400.0
420,2018-11-25,0.037725,-0.019059753497321696,40704000.0
421,2018-11-26,0.035806,-0.050868124585818575,31641100.0
422,2018-11-27,0.036461,0.018293023515612017,17966300.0
423,2018-11-28,0.042021,0.15249170346397523,47624500.0
424,2018-11-29,0.041866,-0.003688631874538939,39544072.0
425,2018-11-30,0.038916,-0.07046290546027811,28861639.0
426,2018-12-01,0.041468,0.06557714050776031,19314340.0
427,2018-12-02,0.041672,0.004919455966046149,23206023.0
428,2018-12-03,0.038671,-0.07201478210789025,21282053.0
429,2018-12-04,0.037699,-0.02513511416823966,23563420.0
430,2018-12-05,0.034251,-0.09146131197113994,26250706.0
431,2018-12-06,0.030798,-0.10081457475694133,27195357.0
432,2018-12-07,0.029864,-0.030326644587310825,31750703.0
433,2018-12-08,0.030678,0.027256897937315783,19987029.0
434,2018-12-09,0.031693,0.03308559880044326,16588924.0
435,2018-12-10,0.030203,-0.04701353611207515,12553718.0
436,2018-12-11,0.029551,-0.021587259543753956,10444631.0
437,2018-12-12,0.030609,0.035802510913336194,11071814.0
438,2018-12-13,0.02919,-0.04635891404488879,11234575.0
439,2018-12-14,0.028358,-0.02850291195614929,9205271.0
440,2018-12-15,0.028274,-0.0029621270893575025,8387951.0
441,2018-12-16,0.029103,0.029320223526915212,10366601.0
442,2018-12-17,0.032824,0.12785623475243102,37555983.0
443,2018-12-18,0.034735,0.058219595417986936,78783798.0
444,2018-12-19,0.034545,-0.0054699870447676435,43168563.0
445,2018-12-20,0.039401,0.140570270661456,43040801.0
446,2018-12-21,0.040796,0.03540519276160503,93581789.0
447,2018-12-22,0.042009,0.029733307186979197,31227246.0
448,2018-12-23,0.04423,0.0528696231759862,40656190.0
449,2018-12-24,0.045716,0.03359710603662669,57936798.0
450,2018-12-25,0.041511,-0.09198092571528571,38493644.0
451,2018-12-26,0.041198,-0.007540170075401753,27218409.0
452,2018-12-27,0.036944,-0.103257439681538,22969395.0
453,2018-12-28,0.041862,0.13312039844088375,26948333.0
454,2018-12-29,0.041508,-0.008456356600258008,30992034.0
455,2018-12-30,0.04328,0.0426905656740868,27767174.0
456,2018-12-31,0.041063,-0.05122458410351194,19280457.0
457,2019-01-01,0.042547,0.03613959038550507,14962902.0
458,2019-01-02,0.045258,0.0637177709356711,24151526.0
459,2019-01-03,0.042682,-0.0569181139246101,21126963.0
460,2019-01-04,0.043812,0.026474860596972905,16024029.0
461,2019-01-05,0.044701,0.020291244407924847,25100965.0
462,2019-01-06,0.049261,0.10201114069036499,51366407.0
463,2019-01-07,0.047996,-0.02567954365522429,45688431.0
464,2019-01-08,0.048525,0.011021751812651193,34626383.0
465,2019-01-09,0.052169,0.07509531169500261,55364234.0
466,2019-01-10,0.044529,-0.1464471237708218,91162431.0
467,2019-01-11,0.044147,-0.008578679063082517,35963011.0
468,2019-01-12,0.043704,-0.010034656941581566,18224445.0
469,2019-01-13,0.040241,-0.07923759838916344,21758341.0
470,2019-01-14,0.044059,0.09487835789369048,30269131.0
471,2019-01-15,0.04281,-0.028348351074695244,24504027.0
472,2019-01-16,0.044777,0.045947208596122335,35481507.0
473,2019-01-17,0.045318,0.012082095718784158,38222964.0
474,2019-01-18,0.044316,-0.022110419700781092,18937100.0
475,2019-01-19,0.04575,0.03235851611156226,23657402.0
476,2019-01-20,0.043477,-0.04968306010928958,26755022.0
477,2019-01-21,0.042937,-0.012420360190445456,16583935.0
478,2019-01-22,0.043578,0.014928849244241427,22963399.0
479,2019-01-23,0.0429,-0.015558309238606571,15241102.0
480,2019-01-24,0.043027,0.0029603729603731033,12440167.0
481,2019-01-25,0.042691,-0.0078090501313129446,12663796.0
482,2019-01-26,0.042649,-0.0009838139186245654,13550564.0
483,2019-01-27,0.041168,-0.03472531595113593,20835107.0
484,2019-01-28,0.038772,-0.05820054411193165,30041137.0
485,2019-01-29,0.038251,-0.01343753223976063,19526240.0
486,2019-01-30,0.039656,0.036731065854487266,26151501.0
487,2019-01-31,0.038374,-0.03232802098043164,22222102.0
488,2019-02-01,0.038678,0.007922030541512415,18778624.0
489,2019-02-02,0.039317,0.016521019701122075,12312317.0
490,2019-02-03,0.038029,-0.03275936617748043,12940762.0
491,2019-02-04,0.037857,-0.004522864130006021,12233074.0
492,2019-02-05,0.037896,0.0010301925667643985,13348305.0
493,2019-02-06,0.036663,-0.03253641545281816,17351384.0
494,2019-02-07,0.036396,-0.0072825464364618675,12424740.0
495,2019-02-08,0.040751,0.11965600615452265,32705206.0
496,2019-02-09,0.041058,0.0075335574587125365,18529365.0
497,2019-02-10,0.04283,0.04315845876564861,22634047.0
498,2019-02-11,0.041733,-0.025612888162502956,17847243.0
499,2019-02-12,0.041751,0.0004313133491482546,14893311.0
500,2019-02-13,0.041118,-0.015161313501473095,12736280.0
501,2019-02-14,0.04054,-0.014057103944744465,11428290.0
502,2019-02-15,0.0406,0.0014800197335964604,13336096.0
503,2019-02-16,0.041026,0.010492610837438576,11097836.0
504,2019-02-17,0.041452,0.01038365914298267,15275650.0
505,2019-02-18,0.045605,0.10018816944900122,36845046.0
506,2019-02-19,0.046158,0.01212586339217192,42563543.0
507,2019-02-20,0.047551,0.030178950561116302,25594089.0
508,2019-02-21,0.044969,-0.05429959411999752,25111686.0
509,2019-02-22,0.046163,0.026551624452400446,17691042.0
510,2019-02-23,0.048593,0.052639559820635506,27665133.0
511,2019-02-24,0.042456,-0.12629391064556617,51650807.0
512,2019-02-25,0.044043,0.037379875635952464,24692110.0
513,2019-02-26,0.043304,-0.016779056830824368,16641229.0
514,2019-02-27,0.04327,-0.0007851468686495,18346578.0
515,2019-02-28,0.043123,-0.0033972729373700217,14678619.0
516,2019-03-01,0.043279,0.003617559075203447,12997144.0
517,2019-03-02,0.042838,-0.010189699392314955,11304263.0
518,2019-03-03,0.042312,-0.012278817871982817,11011517.0
519,2019-03-04,0.040602,-0.040414066931367065,18487838.0
520,2019-03-05,0.043212,0.06428254765775088,20952204.0
521,2019-03-06,0.042843,-0.008539294640377726,15221353.0
522,2019-03-07,0.042944,0.0023574446233924906,17201356.0
523,2019-03-08,0.042664,-0.0065201192250373685,20315017.0
524,2019-03-09,0.046728,0.09525595349709359,52185658.0
525,2019-03-10,0.045698,-0.02204245848313635,27465022.0
526,2019-03-11,0.047633,0.04234320976847994,54732770.0
527,2019-03-12,0.047397,-0.004954548317342988,35348849.0
528,2019-03-13,0.04659,-0.01702639407557449,29855262.0
529,2019-03-14,0.048055,0.031444515990555866,26216581.0
530,2019-03-15,0.050077,0.042076787014878825,42730118.0
531,2019-03-16,0.051621,0.030832517922399383,44616837.0
532,2019-03-17,0.050207,-0.027391952887390714,28870445.0
533,2019-03-18,0.050452,0.004879797637779459,37198857.0
534,2019-03-19,0.052594,0.04245619598826611,46089908.0
535,2019-03-20,0.053891,0.02466060767387912,47370106.0
536,2019-03-21,0.0529,-0.018388970328997445,66543590.0
537,2019-03-22,0.058062,0.09758034026465023,119817467.0
538,2019-03-23,0.063781,0.0984981571423651,137854804.0
539,2019-03-24,0.061704,-0.03256455684294701,102441666.0
540,2019-03-25,0.059025,-0.043416958381952586,74748665.0
541,2019-03-26,0.06237,0.05667090216010173,79200006.0
542,2019-03-27,0.067595,0.08377425044091713,113386031.0
543,2019-03-28,0.065828,-0.026140986759375817,78259560.0
544,2019-03-29,0.071289,0.08295861943246052,125904170.0
545,2019-03-30,0.071739,0.006312334301224576,94907668.0
546,2019-03-31,0.069746,-0.027781262632598613,67772020.0
547,2019-04-01,0.07233,0.037048719639835914,81836247.0
548,2019-04-02,0.085467,0.18162588137702196,201276068.0
549,2019-04-03,0.090723,0.061497420056864094,300935985.0
550,2019-04-04,0.08737,-0.036958654365486066,182769802.0
551,2019-04-05,0.091226,0.04413414215405753,122685904.0
552,2019-04-06,0.090289,-0.010271194615570245,114652738.0
553,2019-04-07,0.090484,0.0021597315287575913,100804121.0
554,2019-04-08,0.087009,-0.038404579815215834,134978650.0
555,2019-04-09,0.083749,-0.03746738843108188,122878696.0
556,2019-04-10,0.089964,0.07420984131153796,131422302.0
557,2019-04-11,0.083385,-0.0731292517006803,163656338.0
558,2019-04-12,0.083463,0.0009354200395754741,110371615.0
559,2019-04-13,0.083731,0.003211003678276647,71755836.0
560,2019-04-14,0.084643,0.0108920232649794,82514758.0
561,2019-04-15,0.082307,-0.02759826565693546,73555913.0
562,2019-04-16,0.083783,0.017932861117523347,65962870.0
563,2019-04-17,0.083074,-0.00846233722831602,66210753.0
564,2019-04-18,0.081775,-0.01563666128993424,70016366.0
565,2019-04-19,0.0795,-0.027820238459186797,82646736.0
566,2019-04-20,0.076506,-0.03766037735849048,77410325.0
567,2019-04-21,0.074106,-0.03137008862050039,89301952.0
568,2019-04-22,0.07804,0.053086119882330696,90476347.0
569,2019-04-23,0.074524,-0.04505381855458723,100698845.0
570,2019-04-24,0.072645,-0.025213354087273987,90318024.0
571,2019-04-25,0.069244,-0.04681671140477672,96537994.0
572,2019-04-26,0.069219,-0.0003610421119518703,83227768.0
573,2019-04-27,0.070196,0.014114621707912445,50161507.0
574,2019-04-28,0.068591,-0.02286455068664872,42979831.0
575,2019-04-29,0.064631,-0.05773352189062708,69287156.0
576,2019-04-30,0.070346,0.08842505918212651,62990602.0
577,2019-05-01,0.069014,-0.01893497853467152,58865338.0
578,2019-05-02,0.068579,-0.0063030689425335185,55122571.0
579,2019-05-03,0.069858,0.018650024059843506,77726744.0
580,2019-05-04,0.06688,-0.042629333791405544,75467767.0
581,2019-05-05,0.066146,-0.010974880382775054,49098473.0
582,2019-05-06,0.06678,0.009584857738941244,60289464.0
583,2019-05-07,0.064036,-0.04109014675052425,53650714.0
584,2019-05-08,0.064606,0.008901243050783991,40605280.0
585,2019-05-09,0.061691,-0.04511964832987636,60306853.0
586,2019-05-10,0.063428,0.02815645718176074,87926146.0
587,2019-05-11,0.075171,0.18513905530680463,187252193.0
588,2019-05-12,0.070086,-0.0676457676497586,141023789.0
589,2019-05-13,0.073072,0.04260479981736731,124764723.0
590,2019-05-14,0.084505,0.15646211955331735,192076841.0
591,2019-05-15,0.093951,0.11178036802556068,207490352.0
592,2019-05-16,0.088161,-0.061627869847047934,270983572.0
593,2019-05-17,0.08326,-0.05559147468835424,208531470.0
594,2019-05-18,0.079104,-0.04991592601489314,116482955.0
595,2019-05-19,0.086996,0.09976739482200658,145752504.0
596,2019-05-20,0.084848,-0.02469079038116695,133738559.0
597,2019-05-21,0.084617,-0.002722515557231908,97465477.0
598,2019-05-22,0.077955,-0.07873122422208301,130856368.0
599,2019-05-23,0.08069,0.035084343531524675,101768393.0
600,2019-05-24,0.080869,0.0022183665881769787,106320608.0
601,2019-05-25,0.080502,-0.004538203761639048,62522128.0
602,2019-05-26,0.086014,0.06847034856276846,111190329.0
603,2019-05-27,0.091695,0.06604738763457108,171736300.0
604,2019-05-28,0.092815,0.012214406456186211,180587855.0
605,2019-05-29,0.090867,-0.020987986855572793,154832177.0
606,2019-05-30,0.08451,-0.06995939119812478,232348615.0
607,2019-05-31,0.089441,0.05834812448230986,136542079.0
608,2019-06-01,0.090533,0.012209165818807932,151835928.0
609,2019-06-02,0.096578,0.06677123258922157,187162218.0
610,2019-06-03,0.088708,-0.08148853776222331,227861801.0
611,2019-06-04,0.082486,-0.07014023537899616,184181602.0
612,2019-06-05,0.083438,0.011541352471934552,118371207.0
613,2019-06-06,0.083472,0.00040748819482727683,154264121.0
614,2019-06-07,0.085807,0.02797345217557967,139056743.0
615,2019-06-08,0.084213,-0.018576573006864217,126559142.0
616,2019-06-09,0.07947,-0.05632147055680237,122067718.0
617,2019-06-10,0.085537,0.07634327419151887,139307413.0
618,2019-06-11,0.087965,0.028385377088277597,152723260.0
619,2019-06-12,0.096525,0.0973114306826579,247353618.0
620,2019-06-13,0.089739,-0.07030303030303031,228176588.0
621,2019-06-14,0.090619,0.009806215803608298,205015950.0
622,2019-06-15,0.091683,0.011741467021264773,159441139.0
623,2019-06-16,0.092321,0.006958760075477466,197578317.0
624,2019-06-17,0.093557,0.013388069886591358,158000947.0
625,2019-06-18,0.089148,-0.0471263507808074,146225453.0
626,2019-06-19,0.089979,0.009321577601292264,114753637.0
627,2019-06-20,0.087385,-0.028828948976983515,159470237.0
628,2019-06-21,0.089562,0.024912742461520754,124230175.0
629,2019-06-22,0.094367,0.05364998548491551,243264335.0
630,2019-06-23,0.096644,0.024129197706825423,245604694.0
631,2019-06-24,0.097719,0.011123297876743488,135761451.0
632,2019-06-25,0.096357,-0.01393792404752403,193143080.0
633,2019-06-26,0.09682,0.004805047894807846,340512939.0
634,2019-06-27,0.086449,-0.1071162982854783,253512191.0
635,2019-06-28,0.089295,0.032921144258464485,195954056.0
636,2019-06-29,0.090422,0.012621087406909703,169271858.0
637,2019-06-30,0.082098,-0.09205724270642102,161855807.0
638,2019-07-01,0.083822,0.02099929352724783,168654991.0
639,2019-07-02,0.081077,-0.03274796592779938,180980795.0
640,2019-07-03,0.082998,0.023693525907470647,154492407.0
641,2019-07-04,0.077774,-0.06294127569339025,142713205.0
642,2019-07-05,0.076532,-0.01596934708257247,116391599.0
643,2019-07-06,0.077335,0.010492343072178834,128961683.0
644,2019-07-07,0.079964,0.033994957005236914,104984613.0
645,2019-07-08,0.080476,0.006402881296583729,114339528.0
646,2019-07-09,0.077993,-0.030853919180873768,122935384.0
647,2019-07-10,0.07194,-0.07760952906030028,119999743.0
648,2019-07-11,0.065199,-0.09370308590492094,118873479.0
649,2019-07-12,0.069754,0.06986303470912136,118155306.0
650,2019-07-13,0.06677,-0.04277890873641654,101320397.0
651,2019-07-14,0.059429,-0.10994458589186751,101190602.0
652,2019-07-15,0.059537,0.0018172945868177859,123473435.0
653,2019-07-16,0.052052,-0.12572014041688362,103254765.0
654,2019-07-17,0.055239,0.06122723430415733,97931570.0
655,2019-07-18,0.058772,0.06395843516356181,88644360.0
656,2019-07-19,0.059787,0.01727012863268218,63433081.0
657,2019-07-20,0.062958,0.05303828591499826,71844245.0
658,2019-07-21,0.061203,-0.027875726674926105,53461726.0
659,2019-07-22,0.059466,-0.02838096171756288,53620677.0
660,2019-07-23,0.055812,-0.06144687720714359,59728001.0
661,2019-07-24,0.059046,0.05794452805848205,60954092.0
662,2019-07-25,0.058664,-0.006469532229109509,46420719.0
663,2019-07-26,0.062884,0.07193508795854342,57109968.0
664,2019-07-27,0.059871,-0.04791361872654398,55521874.0
665,2019-07-28,0.059474,-0.006630923151442314,30475480.0
666,2019-07-29,0.060393,0.0154521303426709,42220707.0
667,2019-07-30,0.059944,-0.007434636464491051,32759717.0
668,2019-07-31,0.060152,0.0034699052448952106,47344104.0
669,2019-08-01,0.058872,-0.021279425455512646,44730277.0
670,2019-08-02,0.057412,-0.02479956515830961,50056239.0
671,2019-08-03,0.057763,0.006113704452030966,37149597.0
672,2019-08-04,0.056271,-0.0258296833613213,45039557.0
673,2019-08-05,0.05668,0.007268397576016161,54461469.0
674,2019-08-06,0.053369,-0.05841566690190547,48272769.0
675,2019-08-07,0.051906,-0.027412917611347343,46290311.0
676,2019-08-08,0.05197,0.0012329981119716393,47971636.0
677,2019-08-09,0.047641,-0.08329805657109868,43195565.0
678,2019-08-10,0.051981,0.0910980038202387,64446722.0
679,2019-08-11,0.054981,0.05771339527904429,58526308.0
680,2019-08-12,0.052938,-0.03715829104599777,35518598.0
681,2019-08-13,0.052561,-0.0071215384034153395,48509717.0
682,2019-08-14,0.047,-0.10580087897871038,65540880.0
683,2019-08-15,0.047519,0.01104255319148928,43373583.0
684,2019-08-16,0.046841,-0.01426797701971838,44228391.0
685,2019-08-17,0.047393,0.011784547725283367,34826995.0
686,2019-08-18,0.050731,0.07043234232903606,38253395.0
687,2019-08-19,0.050298,-0.008535215154442,32307052.0
688,2019-08-20,0.049195,-0.02192930136387128,32132615.0
689,2019-08-21,0.047113,-0.042321374123386546,43633315.0
690,2019-08-22,0.04941,0.048755120667331786,60163313.0
691,2019-08-23,0.04979,0.007690750860149809,54095276.0
692,2019-08-24,0.050177,0.0077726451094597415,87164791.0
693,2019-08-25,0.049439,-0.014707933913944649,104616408.0
694,2019-08-26,0.049697,0.005218552155181078,86216612.0
695,2019-08-27,0.049839,0.0028573153309052746,38041608.0
696,2019-08-28,0.045825,-0.08053933666405833,65386760.0
697,2019-08-29,0.044697,-0.024615384615384595,53919498.0
698,2019-08-30,0.044825,0.002863726872049499,51959378.0
699,2019-08-31,0.04499,0.0036809815950922253,44165774.0
700,2019-09-01,0.044543,-0.009935541231384848,31928555.0
701,2019-09-02,0.045362,0.018386727431919825,42959888.0
702,2019-09-03,0.046771,0.031061240686036884,63769390.0
703,2019-09-04,0.045517,-0.0268114857497167,40737362.0
704,2019-09-05,0.044437,-0.023727398554386325,47778879.0
705,2019-09-06,0.044415,-0.0004950829263900003,44478145.0
706,2019-09-07,0.046198,0.04014409546324438,40837132.0
707,2019-09-08,0.046719,0.01127754448244489,46948887.0
708,2019-09-09,0.046931,0.004537768359768046,64445050.0
709,2019-09-10,0.04651,-0.008970616436896672,48839824.0
710,2019-09-11,0.04499,-0.0326811438400344,51727434.0
711,2019-09-12,0.045452,0.010268948655256738,43222873.0
712,2019-09-13,0.045753,0.006622370852767734,38257028.0
713,2019-09-14,0.046524,0.01685135400957316,51690256.0
714,2019-09-15,0.046799,0.005910927693233647,41237029.0
715,2019-09-16,0.047071,0.005812090001923176,45484816.0
716,2019-09-17,0.049008,0.041150602281659676,85720810.0
717,2019-09-18,0.053292,0.08741429970617043,138254972.0
718,2019-09-19,0.052504,-0.014786459506117233,129365460.0
719,2019-09-20,0.05234,-0.003123571537406722,96532515.0
720,2019-09-21,0.051922,-0.007986243790599867,81964426.0
721,2019-09-22,0.049111,-0.05413890065868032,86152016.0
722,2019-09-23,0.046264,-0.05797071939076792,70372238.0
723,2019-09-24,0.037573,-0.18785664879820152,118474846.0
724,2019-09-25,0.039396,0.04851888324062492,126192409.0
725,2019-09-26,0.038229,-0.029622296679866045,98838747.0
726,2019-09-27,0.039532,0.03408407230113264,80670015.0
727,2019-09-28,0.038827,-0.01783365374886159,39805246.0
728,2019-09-29,0.037486,-0.03453782161897656,43311030.0
729,2019-09-30,0.038885,0.03732059969055124,57274489.0
730,2019-10-01,0.038507,-0.00972097209720979,38320346.0
731,2019-10-02,0.039445,0.024359207416833284,36838966.0
732,2019-10-03,0.038361,-0.02748130308023833,37098921.0
733,2019-10-04,0.039667,0.03404499361330515,48050293.0
734,2019-10-05,0.03973,0.0015882219477147963,37111643.0
735,2019-10-06,0.039324,-0.010218978102189857,38119872.0
736,2019-10-07,0.041672,0.059709083511341854,69132008.0
737,2019-10-08,0.041441,-0.005543290458821293,56654020.0
738,2019-10-09,0.042629,0.028667261890398477,61997644.0
739,2019-10-10,0.041661,-0.02270754650589979,51703356.0
740,2019-10-11,0.040623,-0.024915388492834922,46907955.0
741,2019-10-12,0.040542,-0.0019939443172586335,34809571.0
742,2019-10-13,0.041325,0.0193133047210301,34184265.0
743,2019-10-14,0.041789,0.011228070175438587,41060021.0
744,2019-10-15,0.039766,-0.048409868625714836,47200974.0
745,2019-10-16,0.038741,-0.025775788361917296,44617564.0
746,2019-10-17,0.039524,0.020211145814511777,36229682.0
747,2019-10-18,0.038073,-0.03671187126809017,39606481.0
748,2019-10-19,0.039225,0.03025766291072407,40431591.0
749,2019-10-20,0.039529,0.007750159337157392,33137956.0
750,2019-10-21,0.03928,-0.006299172759240079,36963296.0
751,2019-10-22,0.038816,-0.011812627291242328,39376929.0
752,2019-10-23,0.036409,-0.062010511129431345,48257598.0
753,2019-10-24,0.037685,0.03504627976599206,49800738.0
754,2019-10-25,0.041246,0.09449383043651305,80455621.0
755,2019-10-26,0.040547,-0.016947097900402386,122861125.0
756,2019-10-27,0.042335,0.044096973882161494,122643093.0
757,2019-10-28,0.042363,0.0006613912838078218,101906301.0
758,2019-10-29,0.043444,0.0255175506928218,83357024.0
759,2019-10-30,0.041967,-0.03399779025872396,87541890.0
760,2019-10-31,0.041636,-0.007887149426930584,65333067.0
761,2019-11-01,0.042345,0.01702853300028817,60880837.0
762,2019-11-02,0.042599,0.005998346912268193,47127524.0
763,2019-11-03,0.04193,-0.01570459400455404,38559537.0
764,2019-11-04,0.043236,0.031147150011924474,62120503.0
765,2019-11-05,0.044328,0.025256730502359215,82868890.0
766,2019-11-06,0.044956,0.0141671178487639,71743244.0
767,2019-11-07,0.043637,-0.02933979891449423,63525683.0
768,2019-11-08,0.042297,-0.03070788551000303,70275428.0
769,2019-11-09,0.042445,0.0034990661276212975,41365742.0
770,2019-11-10,0.043958,0.03564613028625274,71691725.0
771,2019-11-11,0.043194,-0.017380226579917002,57846910.0
772,2019-11-12,0.043767,0.013265731351576493,79520150.0
773,2019-11-13,0.043492,-0.006283272785431837,42332678.0
774,2019-11-14,0.043119,-0.008576289892394118,53295194.0
775,2019-11-15,0.043974,0.019828845752452473,81592975.0
776,2019-11-16,0.044172,0.004502660663119107,61781146.0
777,2019-11-17,0.045421,0.02827583084306795,74834540.0
778,2019-11-18,0.043802,-0.03564430549745712,106595679.0
779,2019-11-19,0.042542,-0.02876580978037524,91311583.0
780,2019-11-20,0.041178,-0.032062432419726505,69854304.0
781,2019-11-21,0.038406,-0.06731749963572775,67101708.0
782,2019-11-22,0.037148,-0.032755298651252485,93310136.0
783,2019-11-23,0.038343,0.03216862280607313,58979321.0
784,2019-11-24,0.035588,-0.07185144615705608,62998664.0
785,2019-11-25,0.036048,0.01292570529391912,96694224.0
786,2019-11-26,0.036993,0.026215046604527448,57431470.0
787,2019-11-27,0.039049,0.055578082339902135,76841561.0
788,2019-11-28,0.03919,0.003610847909037318,60743403.0
789,2019-11-29,0.041423,0.05697882112783881,99506198.0
790,2019-11-30,0.040425,-0.024092895251430324,64184926.0
791,2019-12-01,0.039587,-0.02072974644403225,59641355.0
792,2019-12-02,0.038056,-0.03867431227423135,43069274.0
793,2019-12-03,0.037917,-0.0036525120874500994,34356883.0
794,2019-12-04,0.037405,-0.01350317799403955,51692274.0
795,2019-12-05,0.037871,0.012458227509691167,39975672.0
796,2019-12-06,0.038317,0.011776821314462227,30049656.0
797,2019-12-07,0.038757,0.011483153691572934,30151245.0
798,2019-12-08,0.038948,0.004928142013055803,25653004.0
799,2019-12-09,0.037483,-0.03761425490397452,31176739.0
800,2019-12-10,0.036606,-0.023397273430621923,32469759.0
801,2019-12-11,0.036655,0.0013385783751298508,46812214.0
802,2019-12-12,0.036723,0.0018551357250033984,41806143.0
803,2019-12-13,0.037108,0.010483892928137672,42557714.0
804,2019-12-14,0.036427,-0.0183518378786246,39951085.0
805,2019-12-15,0.036653,0.0062041892003184,28289227.0
806,2019-12-16,0.034269,-0.06504242490382772,41961581.0
807,2019-12-17,0.0318,-0.07204762321631797,54217973.0
808,2019-12-18,0.034462,0.08371069182389923,61099755.0
809,2019-12-19,0.033251,-0.035140154372932386,43861871.0
810,2019-12-20,0.034004,0.022645935460587463,32935799.0
811,2019-12-21,0.033262,-0.021820962239736508,25280467.0
812,2019-12-22,0.034466,0.03619746256989953,24856106.0
813,2019-12-23,0.0332,-0.03673185167991633,36538150.0
814,2019-12-24,0.034162,0.028975903614457676,30932186.0
815,2019-12-25,0.033728,-0.012704174228675091,19588981.0
816,2019-12-26,0.034281,0.016395872865275107,28317661.0
817,2019-12-27,0.0331,-0.034450570286747806,42498574.0
818,2019-12-28,0.033632,0.016072507552870263,23018616.0
819,2019-12-29,0.034284,0.019386298763082843,23696263.0
820,2019-12-30,0.033594,-0.020126006300315136,21940559.0
821,2019-12-31,0.032845,-0.022295648032386706,25320349.0
822,2020-01-01,0.033458,0.018663419089663735,22948374.0
823,2020-01-02,0.032751,-0.021130970171558294,20843934.0
824,2020-01-03,0.03418,0.0436322555036488,30162644.0
825,2020-01-04,0.034595,0.012141603276770052,29535781.0
826,2020-01-05,0.034721,0.003642144818615467,21479178.0
827,2020-01-06,0.037272,0.07347138619279381,37988444.0
828,2020-01-07,0.037047,-0.006036703155183565,51562680.0
829,2020-01-08,0.036435,-0.016519556239371513,49193345.0
830,2020-01-09,0.036359,-0.0020859064086730106,26562776.0
831,2020-01-10,0.036874,0.014164305949008416,47483943.0
832,2020-01-11,0.036825,-0.0013288495959212776,63485488.0
833,2020-01-12,0.03769,0.02348947725729822,56546260.0
834,2020-01-13,0.036966,-0.019209339347307064,56296775.0
835,2020-01-14,0.04166,0.1269815506140779,125280206.0
836,2020-01-15,0.042553,0.021435429668746897,111350540.0
837,2020-01-16,0.041391,-0.02730712288205306,76686221.0
838,2020-01-17,0.044978,0.0866613515015342,106282894.0
839,2020-01-18,0.044851,-0.0028236026501844425,89192476.0
840,2020-01-19,0.041979,-0.06403424672805513,91187159.0
841,2020-01-20,0.043873,0.04511779699373486,70100648.0
842,2020-01-21,0.045989,0.0482301187518519,95915865.0
843,2020-01-22,0.045654,-0.007284350605579637,67145740.0
844,2020-01-23,0.043334,-0.050817014938450145,75034253.0
845,2020-01-24,0.045004,0.03853786864817477,77503651.0
846,2020-01-25,0.043248,-0.039018753888543256,57389976.0
847,2020-01-26,0.044581,0.03082223455419908,62759585.0
848,2020-01-27,0.047912,0.07471792916264786,97006750.0
849,2020-01-28,0.052857,0.10321005176156284,207996791.0
850,2020-01-29,0.053514,0.012429763323684728,187136958.0
851,2020-01-30,0.05607,0.047763202152707684,153009928.0
852,2020-01-31,0.053793,-0.04060995184590688,130754832.0
853,2020-02-01,0.056092,0.04273790270109501,110646744.0
854,2020-02-02,0.055768,-0.005776224773586303,161454527.0
855,2020-02-03,0.056979,0.021714961985368042,106658349.0
856,2020-02-04,0.055996,-0.017251970024043994,108933031.0
857,2020-02-05,0.059231,0.05777198371312231,138149931.0
858,2020-02-06,0.059757,0.008880484881227613,136652023.0
859,2020-02-07,0.05979,0.0005522365580601374,132154530.0
860,2020-02-08,0.059944,0.002575681552098974,135969080.0
861,2020-02-09,0.061809,0.03111237154677715,137945919.0
862,2020-02-10,0.060394,-0.02289310618194762,137083309.0
863,2020-02-11,0.063228,0.04692519124416328,203550299.0
864,2020-02-12,0.068373,0.08137217688365905,220517194.0
865,2020-02-13,0.068581,0.003042136515876148,251519041.0
866,2020-02-14,0.07058,0.02914801475627371,183283803.0
867,2020-02-15,0.063863,-0.0951686030036838,190925361.0
868,2020-02-16,0.062654,-0.018931149491881127,206918460.0
869,2020-02-17,0.060042,-0.041689277619944454,198079706.0
870,2020-02-18,0.062597,0.042553545851237606,184674402.0
871,2020-02-19,0.057645,-0.0791092224867006,166141953.0
872,2020-02-20,0.05826,0.01066874837366627,201763470.0
873,2020-02-21,0.05864,0.006522485410229928,180464941.0
874,2020-02-22,0.058336,-0.005184174624829452,132866697.0
875,2020-02-23,0.06151,0.054408941305540415,190486307.0
876,2020-02-24,0.05896,-0.041456673711591674,203582108.0
877,2020-02-25,0.056364,-0.04402985074626864,178219320.0
878,2020-02-26,0.049453,-0.12261372507274149,207080423.0
879,2020-02-27,0.049685,0.004691323074434317,158104507.0
880,2020-02-28,0.048616,-0.021515547952098202,153965237.0
881,2020-02-29,0.047541,-0.02211206187263448,94074240.0
882,2020-03-01,0.045932,-0.03384447108811339,96716581.0
883,2020-03-02,0.048953,0.06577113994600725,106582073.0
884,2020-03-03,0.048761,-0.003922129389414386,117373434.0
885,2020-03-04,0.049004,0.004983490904616472,136505373.0
886,2020-03-05,0.051057,0.04189453922128794,112291734.0
887,2020-03-06,0.051448,0.0076581076052255614,100834829.0
888,2020-03-07,0.048945,-0.04865106515316431,90448414.0
889,2020-03-08,0.043291,-0.11551741750944933,111437013.0
890,2020-03-09,0.041482,-0.04178697650781926,125578007.0
891,2020-03-10,0.041495,0.0003133889397810563,103411534.0
892,2020-03-11,0.039649,-0.04448728762501508,103084587.0
893,2020-03-12,0.023961,-0.39567202199298845,179944370.0
894,2020-03-13,0.028437,0.18680355577813956,202296978.0
895,2020-03-14,0.026009,-0.08538172099729224,65051356.0
896,2020-03-15,0.02712,0.04271598292898604,67311254.0
897,2020-03-16,0.024121,-0.11058259587020647,94985577.0
898,2020-03-17,0.025243,0.04651548443265208,75837864.0
899,2020-03-18,0.025336,0.0036841896763459836,77546807.0
900,2020-03-19,0.030451,0.20188664351120922,119348856.0
901,2020-03-20,0.029368,-0.035565334471774346,142131507.0
902,2020-03-21,0.029414,0.0015663307000817195,94598889.0
903,2020-03-22,0.027089,-0.07904399265655815,78698656.0
904,2020-03-23,0.029082,0.07357229871903725,92453324.0
905,2020-03-24,0.030163,0.03717075854480423,88827461.0
906,2020-03-25,0.029438,-0.024036070682624366,83388813.0
907,2020-03-26,0.030727,0.04378694204769351,81633746.0
908,2020-03-27,0.029301,-0.04640869593517105,85517314.0
909,2020-03-28,0.029771,0.01604040817719521,85338156.0
910,2020-03-29,0.028249,-0.05112357663498035,71027469.0
911,2020-03-30,0.029873,0.05748876066409436,81661518.0
912,2020-03-31,0.030553,0.022763030161014886,79871856.0
913,2020-04-01,0.030855,0.009884463064183446,92295629.0
914,2020-04-02,0.031984,0.03659050397018304,106987595.0
915,2020-04-03,0.032295,0.009723611805902976,89797916.0
916,2020-04-04,0.032505,0.006502554575011699,89146987.0
917,2020-04-05,0.032003,-0.015443777880326137,64845688.0
918,2020-04-06,0.035616,0.11289566603130963,117138445.0
919,2020-04-07,0.035137,-0.013449011680143785,117230378.0
920,2020-04-08,0.036314,0.033497452827503604,100892761.0
921,2020-04-09,0.036198,-0.0031943603018119715,86398497.0
922,2020-04-10,0.033215,-0.08240786783800214,95977717.0
923,2020-04-11,0.033354,0.004184856239650703,75648111.0
924,2020-04-12,0.033806,0.013551598009234223,73751090.0
925,2020-04-13,0.033107,-0.020676802934390448,84000834.0
926,2020-04-14,0.032974,-0.004017277312954759,74633336.0
927,2020-04-15,0.031863,-0.033693212834354336,68238171.0
928,2020-04-16,0.034408,0.07987320716818869,101314083.0
929,2020-04-17,0.034408,0.0,101314083.0
930,2020-04-18,0.036553,0.06234015345268551,89893451.0
931,2020-04-19,0.035816,-0.020162503761661177,87523446.0
932,2020-04-20,0.034177,-0.045761670761670814,94301265.0
933,2020-04-21,0.0347,0.015302688942856468,86348515.0
934,2020-04-22,0.036559,0.05357348703170017,78891247.0
935,2020-04-23,0.040605,0.11067042315161801,162468134.0
936,2020-04-24,0.041868,0.031104543775397175,176233806.0
937,2020-04-25,0.042408,0.012897678417884695,101619889.0
938,2020-04-26,0.045879,0.08184776457272225,150611027.0
939,2020-04-27,0.046601,0.01573704745090332,168989554.0
940,2020-04-28,0.047195,0.012746507585674305,144584235.0
941,2020-04-29,0.051695,0.09534908358936312,192508666.0
942,2020-04-30,0.047846,-0.07445594351484663,242494651.0
943,2020-05-01,0.05126,0.07135392718304567,169546437.0
944,2020-05-02,0.051014,-0.004799063597346942,128138136.0
945,2020-05-03,0.048929,-0.040871133414356775,139890791.0
946,2020-05-04,0.049664,0.01502176623270457,172243659.0
947,2020-05-05,0.049358,-0.00616140463917525,128066778.0
948,2020-05-06,0.049767,0.008286397341869645,131357244.0
949,2020-05-07,0.051106,0.02690537906644974,143479708.0
950,2020-05-08,0.052303,0.023421907408132103,172647716.0
951,2020-05-09,0.051736,-0.010840678354970157,141642171.0
952,2020-05-10,0.047677,-0.07845600742229786,227335948.0
953,2020-05-11,0.048108,0.009039998322042164,206327744.0
954,2020-05-12,0.050421,0.048079321526565355,170879029.0
955,2020-05-13,0.051472,0.020844489399258093,148356780.0
956,2020-05-14,0.05089,-0.011307118433322993,144469842.0
957,2020-05-15,0.050463,-0.008390646492434595,142644324.0
958,2020-05-16,0.050932,0.009293938132889368,123913485.0
959,2020-05-17,0.051343,0.008069582973376344,115459525.0
960,2020-05-18,0.054252,0.05665816177473082,182874559.0
961,2020-05-19,0.056449,0.04049620290496203,186581379.0
962,2020-05-20,0.056875,0.007546635015677872,203310637.0
963,2020-05-21,0.052246,-0.08138901098901097,228349552.0
964,2020-05-22,0.055833,0.06865597366305565,224368474.0
965,2020-05-23,0.055322,-0.009152293446528015,131277191.0
966,2020-05-24,0.052641,-0.048461733126062057,108565176.0
967,2020-05-25,0.054011,0.026025341463878027,183914564.0
968,2020-05-26,0.05343,-0.010757068004665804,162232161.0
969,2020-05-27,0.055183,0.032809283174246806,185161265.0
970,2020-05-28,0.064559,0.1699073990178135,368087319.0
971,2020-05-29,0.06466,0.0015644604160534037,393626086.0
972,2020-05-30,0.076958,0.1901948654500465,591436389.0
973,2020-05-31,0.074352,-0.033862626367629045,848945702.0
974,2020-06-01,0.081168,0.09167204648160099,681780739.0
975,2020-06-02,0.078456,-0.03341218214074515,588732847.0
976,2020-06-03,0.085439,0.08900530233506676,558410069.0
977,2020-06-04,0.089,0.04167885860087317,593406535.0
978,2020-06-05,0.085442,-0.039977528089887526,357717348.0
979,2020-06-06,0.086026,0.006835045996114397,230814840.0
980,2020-06-07,0.086654,0.007300118568804637,317140970.0
981,2020-06-08,0.08643,-0.0025849931913124458,212837064.0
982,2020-06-09,0.083407,-0.03497628138377895,213123820.0
983,2020-06-10,0.083531,0.0014866857697795055,326625304.0
984,2020-06-11,0.07536,-0.09781997102871987,321763381.0
985,2020-06-12,0.079554,0.05565286624203836,244019082.0
986,2020-06-13,0.079028,-0.006611861125776164,161430428.0
987,2020-06-14,0.076748,-0.028850533987953675,142625977.0
988,2020-06-15,0.078387,0.02135560535779435,330333741.0
989,2020-06-16,0.079073,0.00875145113347875,216508724.0
990,2020-06-17,0.083445,0.05529068076334531,294705846.0
991,2020-06-18,0.082174,-0.015231589669842505,244522788.0
992,2020-06-19,0.079603,-0.03128726847908103,211649409.0
993,2020-06-20,0.079339,-0.0033164579224399526,167247006.0
994,2020-06-21,0.078475,-0.010889978446917747,151949751.0
995,2020-06-22,0.08361,0.06543485186365094,202271174.0
996,2020-06-23,0.08295,-0.00789379260853973,184078790.0
997,2020-06-24,0.082583,-0.004424352019288591,302220209.0
998,2020-06-25,0.081691,-0.010801254495477308,207010908.0
999,2020-06-26,0.080561,-0.013832613139758476,163378517.0
1000,2020-06-27,0.077679,-0.035774133886123494,148184221.0
1001,2020-06-28,0.080392,0.03492578431751192,188871401.0
1002,2020-06-29,0.08387,0.04326301124489995,275593607.0
1003,2020-06-30,0.083116,-0.008990103731966181,208687716.0
1004,2020-07-01,0.095954,0.1544588286250541,411496624.0
1005,2020-07-02,0.094326,-0.01696646309690064,416119936.0
1006,2020-07-03,0.096538,0.02345058626465657,449087829.0
1007,2020-07-04,0.099952,0.035364312498705086,325220890.0
1008,2020-07-05,0.098211,-0.01741836081319026,262132088.0
1009,2020-07-06,0.105221,0.07137693333740613,336062177.0
1010,2020-07-07,0.117554,0.11721044278233439,575537074.0
1011,2020-07-08,0.129908,0.10509212787314759,1161107598.0
1012,2020-07-09,0.124293,-0.04322289620346709,659099389.0
1013,2020-07-10,0.118316,-0.048087985646818376,513272164.0
1014,2020-07-11,0.125214,0.05830149768416781,393237279.0
1015,2020-07-12,0.126783,0.012530547702333639,340033778.0
1016,2020-07-13,0.124156,-0.020720443592595283,553867759.0
1017,2020-07-14,0.131963,0.06288056960597954,449379997.0
1018,2020-07-15,0.130369,-0.012079143396254932,292680349.0
1019,2020-07-16,0.125922,-0.034110869915394026,423824352.0
1020,2020-07-17,0.122486,-0.027286733056971824,231984863.0
1021,2020-07-18,0.122477,-7.347778521626935e-05,221333950.0
1022,2020-07-19,0.123712,0.010083525886493083,159010744.0
1023,2020-07-20,0.117924,-0.046786083807553,176280626.0
1024,2020-07-21,0.122965,0.04274787151046433,208927329.0
1025,2020-07-22,0.123922,0.0077827023949903484,157853191.0
1026,2020-07-23,0.123773,-0.0012023692322591373,201587814.0
1027,2020-07-24,0.121888,-0.01522949270034657,198707995.0
1028,2020-07-25,0.143578,0.17795024940929394,630341416.0
1029,2020-07-26,0.148108,0.03155079468999422,743098554.0
1030,2020-07-27,0.138771,-0.0630418343371053,745732008.0
1031,2020-07-28,0.148598,0.07081450735384198,638080214.0
1032,2020-07-29,0.139879,-0.05867508311013614,451915307.0
1033,2020-07-30,0.140588,0.00506866649032367,257573327.0
1034,2020-07-31,0.138798,-0.012732238882408042,230659122.0
1035,2020-08-01,0.143573,0.03440251300451025,362476707.0
1036,2020-08-02,0.133505,-0.07012460560133171,421324885.0
1037,2020-08-03,0.137335,0.02868806411744873,248378862.0
1038,2020-08-04,0.143018,0.04138056576983273,376096013.0
1039,2020-08-05,0.142695,-0.002258456977443535,274829819.0
1040,2020-08-06,0.144048,0.009481761799642774,278613533.0
1041,2020-08-07,0.139155,-0.03396784405198272,620550178.0
1042,2020-08-08,0.145781,0.04761596780568422,325527431.0
1043,2020-08-09,0.145244,-0.0036836076031854237,426878184.0
1044,2020-08-10,0.143855,-0.009563217757704301,311836535.0
1045,2020-08-11,0.137436,-0.04462132007924646,595072471.0
1046,2020-08-12,0.137398,-0.0002764923309759304,434540367.0
1047,2020-08-13,0.141245,0.027998951949810058,470617782.0
1048,2020-08-14,0.138338,-0.020581259513611228,355732407.0
1049,2020-08-15,0.138303,-0.00025300351313439773,343504348.0
1050,2020-08-16,0.138471,0.001214724192533767,284566480.0
1051,2020-08-17,0.14092,0.01768601367795397,425628203.0
1052,2020-08-18,0.137427,-0.024787113255747895,340692991.0
1053,2020-08-19,0.129275,-0.059318765599190804,383288760.0
1054,2020-08-20,0.133642,0.03378070005801592,314037834.0
1055,2020-08-21,0.12376,-0.07394382005656919,363034924.0
1056,2020-08-22,0.125276,0.012249515190691618,296099194.0
1057,2020-08-23,0.121595,-0.029383122066477196,232234230.0
1058,2020-08-24,0.124488,0.023792096714503108,278021260.0
1059,2020-08-25,0.113292,-0.0899363794100636,431857369.0
1060,2020-08-26,0.115285,0.017591709917734732,314761939.0
1061,2020-08-27,0.106824,-0.0733920284512295,361935074.0
1062,2020-08-28,0.109453,0.024610574402755825,275672160.0
1063,2020-08-29,0.116712,0.06632070386375899,315465776.0
1064,2020-08-30,0.117437,0.006211871958324844,297044001.0
1065,2020-08-31,0.122688,0.04471333566082247,453559242.0
1066,2020-09-01,0.125411,0.02219450965049541,451299015.0
1067,2020-09-02,0.115613,-0.078127118035898,427391907.0
1068,2020-09-03,0.096154,-0.1683115220606678,486369863.0
1069,2020-09-04,0.102445,0.06542629531792743,514623980.0
1070,2020-09-05,0.089923,-0.12223144126116448,481176027.0
1071,2020-09-06,0.09306,0.034885401955006,454580262.0
1072,2020-09-07,0.093333,0.002933591231463417,463220962.0
1073,2020-09-08,0.091011,-0.024878660280929665,610082647.0
1074,2020-09-09,0.093349,0.025689202404105105,572617714.0
1075,2020-09-10,0.097156,0.04078244009041354,809239667.0
1076,2020-09-11,0.096989,-0.0017188850920170085,771197364.0
1077,2020-09-12,0.097598,0.0062790625741062644,699214253.0
1078,2020-09-13,0.094856,-0.02809483800897572,771663333.0
1079,2020-09-14,0.096769,0.02016741165556213,851692144.0
1080,2020-09-15,0.093496,-0.033822815157746766,813329601.0
1081,2020-09-16,0.09165,-0.019744160177975534,822410832.0
1082,2020-09-17,0.094217,0.028008728859792775,825621808.0
1083,2020-09-18,0.091081,-0.03328486366579275,699241251.0
1084,2020-09-19,0.091657,0.006324041238018996,617795834.0
1085,2020-09-20,0.089433,-0.024264376970662416,682896131.0
1086,2020-09-21,0.080428,-0.1006899019377635,566692194.0
1087,2020-09-22,0.081754,0.016486795643308128,316907647.0
1088,2020-09-23,0.07683,-0.060229468894488325,294814765.0
1089,2020-09-24,0.082895,0.07894051802681257,373385376.0
1090,2020-09-25,0.096909,0.16905724108812348,657875487.0
1091,2020-09-26,0.09555,-0.014023465312819283,438309287.0
1092,2020-09-27,0.101206,0.059194139194139295,495061617.0
1093,2020-09-28,0.100696,-0.005039226923305051,573226386.0
1094,2020-09-29,0.101136,0.004369587669818209,450401208.0
1095,2020-09-30,0.101146,9.887676000630563e-05,396298082.0
1096,2020-10-01,0.097878,-0.03230973048860053,499813017.0
1097,2020-10-02,0.092913,-0.050726414516030216,602540074.0
1098,2020-10-03,0.093684,0.008298085305608494,334059453.0
1099,2020-10-04,0.096301,0.02793433243670207,482409858.0
1100,2020-10-05,0.097687,0.014392373910966594,432817916.0
1101,2020-10-06,0.092909,-0.048911318803934956,783688998.0
1102,2020-10-07,0.093936,0.011053826862844396,420412930.0
1103,2020-10-08,0.096242,0.024548628853687582,457557891.0
1104,2020-10-09,0.096242,0.0,457557891.0
1105,2020-10-10,0.105025,0.09125953325990732,923715999.0
1106,2020-10-11,0.106538,0.014406093787193486,797480086.0
1107,2020-10-12,0.106538,0.0,797480086.0
1108,2020-10-13,0.106538,0.0,797480086.0
1109,2020-10-14,0.107297,0.007124218588672626,713264193.0
1110,2020-10-15,0.106635,-0.0061697903948852995,562197282.0
1111,2020-10-16,0.104064,-0.02411028274018845,553561875.0
1112,2020-10-17,0.106104,0.019603321033210275,472005227.0
1113,2020-10-18,0.107388,0.012101334539696751,432851135.0
1114,2020-10-19,0.108677,0.012003203337430657,490775170.0
1115,2020-10-20,0.102494,-0.05689336290107372,707955236.0
1116,2020-10-21,0.106187,0.03603137744648466,779410099.0
1117,2020-10-22,0.110572,0.041295073784926695,933335641.0
1118,2020-10-23,0.108083,-0.022510219585428537,1110973427.0
1119,2020-10-24,0.108075,-7.401719049249245e-05,868194497.0
1120,2020-10-25,0.106351,-0.015951885264862353,722743351.0
1121,2020-10-26,0.103097,-0.030596797397297704,880221833.0
1122,2020-10-27,0.102827,-0.002618892887280788,913522302.0
1123,2020-10-28,0.098977,-0.03744152800334544,876721856.0
1124,2020-10-29,0.095376,-0.03638218980167107,883054980.0
1125,2020-10-30,0.093369,-0.021043029693004645,855782606.0
1126,2020-10-31,0.093056,-0.0033522903747496002,662592019.0
1127,2020-11-01,0.098197,0.05524630330123803,609565849.0
1128,2020-11-02,0.092143,-0.06165157795044662,817756720.0
1129,2020-11-03,0.093434,0.014010830990959677,859629132.0
1130,2020-11-04,0.095369,0.020709805852259233,1041738046.0
1131,2020-11-05,0.096994,0.017039079784835653,554496502.0
1132,2020-11-06,0.109105,0.12486339361197607,717731180.0
1133,2020-11-07,0.101379,-0.07081252004949357,861840304.0
1134,2020-11-08,0.106621,0.05170696100770367,625787081.0
1135,2020-11-09,0.105325,-0.012155203946689563,802272882.0
1136,2020-11-10,0.105805,0.004557322572988243,700753239.0
1137,2020-11-11,0.105965,0.0015122158688154475,631585357.0
1138,2020-11-12,0.104525,-0.013589392724012606,634274545.0
1139,2020-11-13,0.106391,0.01785218847165737,477838893.0
1140,2020-11-14,0.104202,-0.020575048641332416,432474021.0
1141,2020-11-15,0.100531,-0.035229650102685195,358303858.0
1142,2020-11-16,0.104008,0.03458634650008463,400498894.0
1143,2020-11-17,0.1096,0.053765094992692886,622568575.0
1144,2020-11-18,0.106403,-0.02916970802919716,692683324.0
1145,2020-11-19,0.105866,-0.005046850182795604,590674105.0
1146,2020-11-20,0.118226,0.11675136493302851,688553865.0
1147,2020-11-21,0.132945,0.12449884120244281,1385060442.0
1148,2020-11-22,0.14476,0.08887133777125866,2294032112.0
1149,2020-11-23,0.15351,0.0604448742746615,2203606418.0
1150,2020-11-24,0.166323,0.0834668751221419,2566224959.0
1151,2020-11-25,0.155162,-0.06710436920930962,1773041979.0
1152,2020-11-26,0.138281,-0.10879596808496927,2523183036.0
1153,2020-11-27,0.141028,0.019865346649214244,1505708870.0
1154,2020-11-28,0.164791,0.16849845420767506,1932319047.0
1155,2020-11-29,0.166639,0.011214204659235172,1731327207.0
1156,2020-11-30,0.171308,0.028018651096081815,2151589402.0
1157,2020-12-01,0.155983,-0.08945875265603465,2071556994.0
1158,2020-12-02,0.158557,0.016501798272888557,1367595805.0
1159,2020-12-03,0.164212,0.03566540739292501,1287927035.0
1160,2020-12-04,0.148241,-0.09725842203980217,1200621758.0
1161,2020-12-05,0.159668,0.07708393764208288,1036100099.0
1162,2020-12-06,0.158867,-0.005016659568604864,886137949.0
1163,2020-12-07,0.15413,-0.029817394424267007,789426236.0
1164,2020-12-08,0.140928,-0.08565496658664762,939164987.0
1165,2020-12-09,0.148165,0.05135246366939139,1320752603.0
1166,2020-12-10,0.141994,-0.04164951236796799,798550525.0
1167,2020-12-11,0.139449,-0.017923292533487456,704854539.0
1168,2020-12-12,0.14446,0.03593428421860323,519780651.0
1169,2020-12-13,0.153964,0.0657898380174442,675025745.0
1170,2020-12-14,0.157992,0.026161959938687085,587078385.0
1171,2020-12-15,0.154305,-0.02333662463922226,607184173.0
1172,2020-12-16,0.167589,0.08608923884514419,976699799.0
1173,2020-12-17,0.163483,-0.0245004147050224,1188727265.0
1174,2020-12-18,0.164988,0.009205850149556882,1101018945.0
1175,2020-12-19,0.164714,-0.0016607268407399234,586684841.0
1176,2020-12-20,0.161988,-0.016549898612139846,729191687.0
1177,2020-12-21,0.152656,-0.05760920562016947,1139902286.0
1178,2020-12-22,0.156179,0.023078031652866704,1138400653.0
1179,2020-12-23,0.136394,-0.12668156410272846,1484453887.0
1180,2020-12-24,0.152883,0.12089241462234424,1470292431.0
1181,2020-12-25,0.157564,0.03061818514811998,1119917804.0
1182,2020-12-26,0.157824,0.0016501231245715786,1191970341.0
1183,2020-12-27,0.154422,-0.0215556569343065,1578354821.0
1184,2020-12-28,0.176735,0.14449366022975996,1732151279.0
1185,2020-12-29,0.192164,0.08730019520751409,2967669490.0
1186,2020-12-30,0.18404,-0.04227638891779939,1849432295.0
1187,2020-12-31,0.181397,-0.014361008476418191,1132268397.0
1188,2021-01-01,0.17535,-0.033335722200477425,1122218004.0
1189,2021-01-02,0.177423,0.011822070145423469,1408849504.0
1190,2021-01-03,0.204995,0.15540262536424265,2303857909.0
1191,2021-01-04,0.224762,0.09642674211566127,3260699086.0
1192,2021-01-05,0.258314,0.1492779028483462,4097207384.0
1193,2021-01-06,0.331898,0.28486260907267913,6170988900.0
1194,2021-01-07,0.29998,-0.09616809983790198,5149188552.0
1195,2021-01-08,0.305597,0.018724581638775772,4560690774.0
1196,2021-01-09,0.332973,0.08958203123721775,3655608662.0
1197,2021-01-10,0.304895,-0.08432515549308794,3732911206.0
1198,2021-01-11,0.275466,-0.09652175339051161,4768803200.0
1199,2021-01-12,0.287003,0.04188175673222827,4037298875.0
1200,2021-01-13,0.313609,0.09270286373313175,2656935144.0
1201,2021-01-14,0.310396,-0.010245241686303697,2686785564.0
1202,2021-01-15,0.30253,-0.02534182141522434,3171984602.0
1203,2021-01-16,0.352444,0.16498859617228034,4476161885.0
1204,2021-01-17,0.379852,0.07776554573208805,5617481334.0
1205,2021-01-18,0.371428,-0.022177058433284658,3480282508.0
1206,2021-01-19,0.369137,-0.006168086412440599,2957453653.0
1207,2021-01-20,0.375394,0.016950346348374667,3281600988.0
1208,2021-01-21,0.310209,-0.17364422446815875,3567902823.0
1209,2021-01-22,0.349577,0.12690798784045598,4066222238.0
1210,2021-01-23,0.345643,-0.011253600780371853,2781033956.0
1211,2021-01-24,0.353881,0.023833840118272498,2539663711.0
1212,2021-01-25,0.343886,-0.028243957714598866,2339817092.0
1213,2021-01-26,0.344234,0.001011963266896565,2557745015.0
1214,2021-01-27,0.31308,-0.09050239081554978,2666764973.0
1215,2021-01-28,0.333303,0.06459371406669212,2980005125.0
1216,2021-01-29,0.348131,0.0444880484124055,3367098095.0
1217,2021-01-30,0.362619,0.041616517919978335,2866173269.0
1218,2021-01-31,0.344898,-0.04886947457248525,2455679992.0
1219,2021-02-01,0.402033,0.16565767270323395,3838085989.0
1220,2021-02-02,0.426247,0.060228886683431515,6504904709.0
1221,2021-02-03,0.4414,0.03554981032124571,3648896567.0
1222,2021-02-04,0.441051,-0.0007906660625283113,3553059568.0
1223,2021-02-05,0.537874,0.2195279004015407,6808411307.0
1224,2021-02-06,0.627886,0.16734774315174206,8109402422.0
1225,2021-02-07,0.663238,0.05630321427775087,11252055620.0
1226,2021-02-08,0.682511,0.02905895018077964,9056514741.0
1227,2021-02-09,0.703516,0.03077606075213457,5885048712.0
1228,2021-02-10,0.930318,0.32238357052291633,12667653585.0
1229,2021-02-11,0.927741,-0.002770020573610199,10627183208.0
1230,2021-02-12,0.925587,-0.0023217686832854856,8035829513.0
1231,2021-02-13,0.905719,-0.021465297157371444,7532474270.0
1232,2021-02-14,0.848419,-0.06326465493160682,7159401195.0
1233,2021-02-15,0.861012,0.014842901915209206,8979888270.0
1234,2021-02-16,0.870951,0.01154339312344077,6948621246.0
1235,2021-02-17,0.89092,0.022927811093850226,5841828077.0
1236,2021-02-18,0.914119,0.02603937502806075,4918032802.0
1237,2021-02-19,0.927649,0.014801136394714476,4582877243.0
1238,2021-02-20,1.122958,0.21054191833333502,11454890463.0
1239,2021-02-21,1.10052,-0.019981156908806863,7042361464.0
1240,2021-02-22,1.099151,-0.0012439574019553756,10562051439.0
1241,2021-02-23,0.954709,-0.13141233552077913,11201900117.0
1242,2021-02-24,1.051657,0.10154717301292848,8481334623.0
1243,2021-02-25,1.079116,0.026110224151030037,8248286269.0
1244,2021-02-26,1.241105,0.1501126848272103,14884142109.0
1245,2021-02-27,1.32486,0.06748421769310409,19141980288.0
1246,2021-02-28,1.308059,-0.012681339915160739,15732556180.0
1247,2021-03-01,1.292388,-0.011980346452262425,9775330113.0
1248,2021-03-02,1.225582,-0.05169190676484159,8118255106.0
1249,2021-03-03,1.216593,-0.007334474559841708,4937160429.0
1250,2021-03-04,1.114868,-0.08361465173644766,7164490225.0
1251,2021-03-05,1.168523,0.04812677375258767,7325099027.0
1252,2021-03-06,1.131012,-0.03210120810630179,5348048001.0
1253,2021-03-07,1.133367,0.0020822060243392837,4204795554.0
1254,2021-03-08,1.118053,-0.013511951556733237,3557114310.0
1255,2021-03-09,1.195161,0.06896631912798412,5317733185.0
1256,2021-03-10,1.135003,-0.05033464110693031,4215428913.0
1257,2021-03-11,1.12479,-0.008998214101636814,3633460869.0
1258,2021-03-12,1.039144,-0.07614399132282457,4224893051.0
1259,2021-03-13,1.103314,0.06175275034066474,5871086058.0
1260,2021-03-14,1.059154,-0.04002487052643222,3738147940.0
1261,2021-03-15,1.033539,-0.024184396225666815,4545451677.0
1262,2021-03-16,1.242953,0.20261838208330785,9502962157.0
1263,2021-03-17,1.378673,0.10919157844262828,10046495758.0
1264,2021-03-18,1.239006,-0.10130538568609093,11392835545.0
1265,2021-03-19,1.30217,0.0509795755629916,7970282918.0
1266,2021-03-20,1.206541,-0.07343818395447599,4316999916.0
1267,2021-03-21,1.18914,-0.014422220214646675,4064084727.0
1268,2021-03-22,1.109874,-0.06665825722791263,4058067310.0
1269,2021-03-23,1.121552,0.010521915100272672,4609407773.0
1270,2021-03-24,1.075002,-0.04150498594804353,3759287517.0
1271,2021-03-25,1.101574,0.02471809354773291,5732698268.0
1272,2021-03-26,1.213969,0.1020312752479633,6325795912.0
1273,2021-03-27,1.176577,-0.030801445506433933,3106871131.0
1274,2021-03-28,1.191124,0.012363831691423632,2397009016.0
1275,2021-03-29,1.202541,0.00958506419146965,2554597106.0
1276,2021-03-30,1.213317,0.008961025029500025,2517422843.0
1277,2021-03-31,1.193264,-0.01652742028670151,3190463749.0
1278,2021-04-01,1.189244,-0.0033689108193997175,2309789364.0
1279,2021-04-02,1.196509,0.0061089229796409406,2909026267.0
1280,2021-04-03,1.173277,-0.019416485793253613,3355350115.0
1281,2021-04-04,1.19142,0.01546352651590377,2166855014.0
1282,2021-04-05,1.2143,0.019203975088549763,2992739340.0
1283,2021-04-06,1.255354,0.033808778720250565,6301229657.0
1284,2021-04-07,1.175149,-0.06389034487483214,4771395490.0
1285,2021-04-08,1.219436,0.037686284888128974,2315835365.0
1286,2021-04-09,1.20354,-0.01303553446019301,1678933674.0
1287,2021-04-10,1.218758,0.012644365787593204,2481275569.0
1288,2021-04-11,1.266735,0.0393654851906613,3636786443.0
1289,2021-04-12,1.316127,0.0389915807173562,4918248258.0
1290,2021-04-13,1.411786,0.072682195563194,5896543066.0
1291,2021-04-14,1.45542,0.03090695048683023,9596107541.0
1292,2021-04-15,1.481588,0.017979689711560942,5337358369.0
1293,2021-04-16,1.416949,-0.04362818813327318,5692183858.0
1294,2021-04-17,1.384869,-0.022640193824901345,4058018560.0
1295,2021-04-18,1.275501,-0.07897353468089752,7454680286.0
1296,2021-04-19,1.197959,-0.06079336668493396,5665978235.0
1297,2021-04-20,1.265934,0.056742342601040496,4855633658.0
1298,2021-04-21,1.206735,-0.04676310139391149,4078624182.0
1299,2021-04-22,1.147017,-0.04948725279369537,4693396293.0
1300,2021-04-23,1.155702,0.007571814541545541,7196378408.0
1301,2021-04-24,1.101355,-0.04702509816544398,3566224272.0
1302,2021-04-25,1.08825,-0.011898978984977715,2465672138.0
1303,2021-04-26,1.234019,0.13394808178267859,3201086934.0
1304,2021-04-27,1.306927,0.05908174833612767,2985492683.0
1305,2021-04-28,1.335666,0.021989751531646506,2981476669.0
1306,2021-04-29,1.308014,-0.02070278048554053,3997566407.0
1307,2021-04-30,1.352449,0.03397134893051601,2691072833.0
1308,2021-05-01,1.353071,0.0004599064363979277,2030816122.0
1309,2021-05-02,1.326812,-0.01940696386220664,1994291746.0
1310,2021-05-03,1.36203,0.02654332339472365,2398404766.0
1311,2021-05-04,1.274111,-0.06454997320176503,3342089372.0
1312,2021-05-05,1.475529,0.1580851275909243,4797068103.0
1313,2021-05-06,1.650124,0.1183270542293644,10679657004.0
1314,2021-05-07,1.653453,0.0020174241450945374,7324573762.0
1315,2021-05-08,1.619554,-0.0205019435085243,3959173109.0
1316,2021-05-09,1.770562,0.09324048472604196,8065503276.0
1317,2021-05-10,1.644696,-0.07108816296746456,6463330466.0
1318,2021-05-11,1.764077,0.07258545044190545,5428571805.0
1319,2021-05-12,1.552775,-0.11978048577244638,5338469591.0
